2026-03-15_00-50-37,---,draft.go:2026-03-15_00-50-37
2026-03-15_00-52-48,---,draft.go:2026-03-15_00-50-37
2026-03-15_01-28-23,0,draft.go:2026-03-15_01-28-23
2026-03-15_01-28-34,0,draft.go:2026-03-15_01-28-34
2026-03-15_01-31-13,0,draft.go:2026-03-15_01-31-13
2026-03-15_01-31-47,0,draft.go:2026-03-15_01-31-47
2026-03-15_01-31-57,0,draft.go:2026-03-15_01-31-57
2026-03-15_01-33-32,0,draft.go:2026-03-15_01-33-32
2026-03-15_01-33-41,0,draft.go:2026-03-15_01-33-41
2026-03-15_01-33-49,0,draft.go:2026-03-15_01-33-41
2026-03-15_01-33-59,0,draft.go:2026-03-15_01-33-59
2026-03-15_01-34-27,0,draft.go:2026-03-15_01-34-27
2026-03-15_01-35-49,0,draft.go:2026-03-15_01-35-49
2026-03-15_01-38-06,0,draft.go:2026-03-15_01-38-06
2026-03-15_01-39-10,0,draft.go:2026-03-15_01-39-10
2026-03-15_01-39-12,0,draft.go:2026-03-15_01-39-10
2026-03-15_01-39-39,100,draft.go:2026-03-15_01-39-39
2026-03-15_01-40-33,0,draft.go:2026-03-15_01-40-33
2026-03-15_01-40-46,100,draft.go:2026-03-15_01-40-46
2026-03-15_01-41-09,0,draft.go:2026-03-15_01-41-09
2026-03-15_01-41-16,0,draft.go:2026-03-15_01-41-16
2026-03-15_01-41-27,100,draft.go:2026-03-15_01-41-27
2026-03-15_01-41-47,0,draft.go:2026-03-15_01-41-47
2026-03-15_01-41-56,100,draft.go:2026-03-15_01-41-56
2026-03-15_01-43-15,0,draft.go:2026-03-15_01-43-15
2026-03-15_01-43-23,0,draft.go:2026-03-15_01-43-23
2026-03-15_01-43-30,100,draft.go:2026-03-15_01-43-30
2026-03-15_01-43-49,100,draft.go:2026-03-15_01-43-30
