2026-04-19_22-47-24,0,draft.go:2026-04-19_22-47-24
2026-04-19_22-51-06,0,draft.go:2026-04-19_22-51-06
2026-04-19_22-53-34,0,draft.go:2026-04-19_22-53-34
2026-04-19_22-53-53,0,draft.go:2026-04-19_22-53-34
2026-04-19_22-54-10,0,draft.go:2026-04-19_22-54-10
2026-04-19_22-56-37,---,draft.go:2026-04-19_22-54-10
2026-04-20_01-45-34,0,draft.go:2026-04-20_01-45-34
2026-04-20_01-45-35,0,draft.go:2026-04-20_01-45-34
2026-04-20_01-45-35,0,draft.go:2026-04-20_01-45-34
2026-04-20_01-45-35,0,draft.go:2026-04-20_01-45-34
2026-04-20_01-45-35,0,draft.go:2026-04-20_01-45-34
2026-04-20_01-45-35,0,draft.go:2026-04-20_01-45-34
2026-04-20_01-45-35,---,draft.go:2026-04-20_01-45-34
2026-04-26_22-19-32,0,draft.go:2026-04-26_22-19-32
2026-04-26_22-20-05,0,draft.go:2026-04-26_22-20-05
2026-04-26_22-20-17,0,draft.go:2026-04-26_22-20-17
2026-04-26_23-10-27,0,draft.go:2026-04-26_23-10-27
2026-04-26_23-10-47,0,draft.go:2026-04-26_23-10-47
2026-04-28_01-19-56,0,draft.go:2026-04-28_01-19-56
2026-04-28_01-20-31,0,draft.go:2026-04-28_01-19-56
2026-04-28_01-21-37,0,draft.go:2026-04-28_01-19-56
2026-04-28_01-21-51,0,draft.go:2026-04-28_01-21-51
2026-04-28_01-23-16,0,draft.go:2026-04-28_01-23-16
2026-04-28_01-23-36,0,draft.go:2026-04-28_01-23-36
2026-04-28_01-23-41,---,draft.go:2026-04-28_01-23-36
2026-04-28_01-24-14,0,draft.go:2026-04-28_01-23-36
2026-04-28_01-25-40,0,draft.go:2026-04-28_01-25-40
2026-04-28_01-26-09,0,draft.go:2026-04-28_01-26-09
2026-04-28_01-26-17,0,draft.go:2026-04-28_01-26-17
2026-04-28_01-28-05,0,draft.go:2026-04-28_01-28-05
2026-04-28_01-28-06,---,draft.go:2026-04-28_01-28-05
2026-04-28_01-30-16,0,draft.go:2026-04-28_01-30-16
2026-04-28_01-30-30,0,draft.go:2026-04-28_01-30-30
2026-04-28_14-42-18,0,draft.go:2026-04-28_14-42-18
2026-04-28_14-42-51,0,draft.go:2026-04-28_14-42-18
2026-04-28_18-38-59,0,draft.go:2026-04-28_18-38-59
2026-04-29_13-41-18,0,draft.go:2026-04-28_18-38-59
2026-04-29_13-57-43,0,draft.go:2026-04-29_13-57-43
2026-04-29_13-57-54,0,draft.go:2026-04-29_13-57-54
2026-04-29_13-59-42,100,draft.go:2026-04-29_13-59-42
2026-04-29_14-03-50,100,draft.go:2026-04-29_14-03-50
2026-04-29_14-04-23,100,draft.go:2026-04-29_14-04-23
2026-04-29_14-04-49,100,draft.go:2026-04-29_14-04-49
2026-04-29_14-27-34,0,draft.go:2026-04-29_14-27-34
2026-04-29_14-27-52,100,draft.go:2026-04-29_14-27-52
2026-04-29_14-27-55,100,draft.go:2026-04-29_14-27-52
