2026-03-29_21-27-57,0,shell.go:2026-03-29_21-27-57
2026-04-01_01-36-42,---,shell.go:2026-03-29_21-27-57
2026-04-18_22-16-01,0,shell.go:2026-03-29_21-27-57
2026-04-18_22-49-04,0,shell.go:2026-03-29_21-27-57
2026-04-18_23-11-54,0,shell.go:2026-03-29_21-27-57
2026-04-19_01-59-59,0,shell.go:2026-04-19_01-59-59
2026-04-19_02-00-36,0,shell.go:2026-04-19_01-59-59
2026-04-19_02-01-36,0,shell.go:2026-04-19_02-01-36
2026-04-19_02-02-14,0,shell.go:2026-04-19_02-02-14
2026-04-19_02-02-56,0,shell.go:2026-04-19_02-02-56
2026-04-19_02-12-52,0,shell.go:2026-04-19_02-02-56
2026-04-19_02-22-29,14,shell.go:2026-04-19_02-22-29
2026-04-19_21-34-20,14,shell.go:2026-04-19_02-22-29
2026-04-19_22-19-14,14,shell.go:2026-04-19_22-19-14
2026-04-19_22-24-10,14,shell.go:2026-04-19_22-19-14
2026-04-19_22-27-01,14,shell.go:2026-04-19_22-19-14
2026-04-19_22-28-31,14,shell.go:2026-04-19_22-19-14
2026-04-19_22-31-27,14,shell.go:2026-04-19_22-19-14
